Station Name,Address,Status,Waiting Time,Coordinates,Charging Type,Power Level (kW),Chargers per Site,Labor,Materials,Permit,Taxes,Total
Market Square at Arden Fair - Sacramento,1735 Arden Way,,Unknown,"38.597460870053084, -121.42196824300697",,350.0,1 charger per site,"$27,840","$37,700",$290,$154,"$65,984"
Market Square at Arden Fair - Sacramento,1735 Arden Way,,Unknown,"38.597460870053084, -121.42196824300697",,350.0,2 chargers per site,"$22,040","$30,160",$218,$123,"$52,541"
Market Square at Arden Fair - Sacramento,1735 Arden Way,,Unknown,"38.597460870053084, -121.42196824300697",,350.0,3-5 chargers per site,"$16,240","$22,620",$145,$92,"$39,097"
Market Square at Arden Fair - Sacramento,1735 Arden Way,,Unknown,"38.597460870053084, -121.42196824300697",,350.0,3-5 chargers per site,"$10,440","$15,080",$73,$62,"$25,654"
Gateway Plaza,39010 Paseo Padre Pkwy,,Unknown,"37.55283996698718, -121.9790903232084",,350.0,1 charger per site,"$27,840","$37,700",$290,$154,"$65,984"
Gateway Plaza,39010 Paseo Padre Pkwy,,Unknown,"37.55283996698718, -121.9790903232084",,350.0,2 chargers per site,"$22,040","$30,160",$218,$123,"$52,541"
Gateway Plaza,39010 Paseo Padre Pkwy,,Unknown,"37.55283996698718, -121.9790903232084",,350.0,3-5 chargers per site,"$16,240","$22,620",$145,$92,"$39,097"
Gateway Plaza,39010 Paseo Padre Pkwy,,Unknown,"37.55283996698718, -121.9790903232084",,350.0,3-5 chargers per site,"$10,440","$15,080",$73,$62,"$25,654"
Chesterfield Crossing,11301 Midlothian Tpke,,Unknown,"37.50415849614184, -77.60369851800704",,350.0,1 charger per site,"$27,840","$37,700",$290,$154,"$65,984"
Chesterfield Crossing,11301 Midlothian Tpke,,Unknown,"37.50415849614184, -77.60369851800704",,350.0,2 chargers per site,"$22,040","$30,160",$218,$123,"$52,541"
Chesterfield Crossing,11301 Midlothian Tpke,,Unknown,"37.50415849614184, -77.60369851800704",,350.0,3-5 chargers per site,"$16,240","$22,620",$145,$92,"$39,097"
Chesterfield Crossing,11301 Midlothian Tpke,,Unknown,"37.50415849614184, -77.60369851800704",,350.0,3-5 chargers per site,"$10,440","$15,080",$73,$62,"$25,654"
Loughborough Commons,932 Loughborough Ave,,Unknown,"38.554346760721955, -90.26376246747958",,350.0,1 charger per site,"$27,840","$37,700",$290,$154,"$65,984"
Loughborough Commons,932 Loughborough Ave,,Unknown,"38.554346760721955, -90.26376246747958",,350.0,2 chargers per site,"$22,040","$30,160",$218,$123,"$52,541"
Loughborough Commons,932 Loughborough Ave,,Unknown,"38.554346760721955, -90.26376246747958",,350.0,3-5 chargers per site,"$16,240","$22,620",$145,$92,"$39,097"
Loughborough Commons,932 Loughborough Ave,,Unknown,"38.554346760721955, -90.26376246747958",,350.0,3-5 chargers per site,"$10,440","$15,080",$73,$62,"$25,654"
Shops at Kendall,9001 SW 127th Ave.,,Unknown,"25.685233380708667, -80.39895533986856",,350.0,1 charger per site,"$27,840","$37,700",$290,$154,"$65,984"
Shops at Kendall,9001 SW 127th Ave.,,Unknown,"25.685233380708667, -80.39895533986856",,350.0,2 chargers per site,"$22,040","$30,160",$218,$123,"$52,541"
Shops at Kendall,9001 SW 127th Ave.,,Unknown,"25.685233380708667, -80.39895533986856",,350.0,3-5 chargers per site,"$16,240","$22,620",$145,$92,"$39,097"
Shops at Kendall,9001 SW 127th Ave.,,Unknown,"25.685233380708667, -80.39895533986856",,350.0,3-5 chargers per site,"$10,440","$15,080",$73,$62,"$25,654"
The Shops at La Jolla Village,8801 Villa La Jolla Dr,,Unknown,"32.86959694815948, -117.23104041764023",,350.0,1 charger per site,"$27,840","$37,700",$290,$154,"$65,984"
The Shops at La Jolla Village,8801 Villa La Jolla Dr,,Unknown,"32.86959694815948, -117.23104041764023",,350.0,2 chargers per site,"$22,040","$30,160",$218,$123,"$52,541"
The Shops at La Jolla Village,8801 Villa La Jolla Dr,,Unknown,"32.86959694815948, -117.23104041764023",,350.0,3-5 chargers per site,"$16,240","$22,620",$145,$92,"$39,097"
The Shops at La Jolla Village,8801 Villa La Jolla Dr,,Unknown,"32.86959694815948, -117.23104041764023",,350.0,3-5 chargers per site,"$10,440","$15,080",$73,$62,"$25,654"
"Jack London Gateway - Oakland, CA",900 Market Street,,Unknown,"37.8036797096042, -122.28230705392025",,350.0,1 charger per site,"$27,840","$37,700",$290,$154,"$65,984"
"Jack London Gateway - Oakland, CA",900 Market Street,,Unknown,"37.8036797096042, -122.28230705392025",,350.0,2 chargers per site,"$22,040","$30,160",$218,$123,"$52,541"
"Jack London Gateway - Oakland, CA",900 Market Street,,Unknown,"37.8036797096042, -122.28230705392025",,350.0,3-5 chargers per site,"$16,240","$22,620",$145,$92,"$39,097"
"Jack London Gateway - Oakland, CA",900 Market Street,,Unknown,"37.8036797096042, -122.28230705392025",,350.0,3-5 chargers per site,"$10,440","$15,080",$73,$62,"$25,654"
Shops at Saugus,334 Broadway,,Unknown,"42.48482982685712, -71.01842748374695",,350.0,1 charger per site,"$27,840","$37,700",$290,$154,"$65,984"
Shops at Saugus,334 Broadway,,Unknown,"42.48482982685712, -71.01842748374695",,350.0,2 chargers per site,"$22,040","$30,160",$218,$123,"$52,541"
Shops at Saugus,334 Broadway,,Unknown,"42.48482982685712, -71.01842748374695",,350.0,3-5 chargers per site,"$16,240","$22,620",$145,$92,"$39,097"
Shops at Saugus,334 Broadway,,Unknown,"42.48482982685712, -71.01842748374695",,350.0,3-5 chargers per site,"$10,440","$15,080",$73,$62,"$25,654"
New Leaf Market,1101 Fair Avenue,,Unknown,"36.959506142842926, -122.04617945331958",,350.0,1 charger per site,"$27,840","$37,700",$290,$154,"$65,984"
New Leaf Market,1101 Fair Avenue,,Unknown,"36.959506142842926, -122.04617945331958",,350.0,2 chargers per site,"$22,040","$30,160",$218,$123,"$52,541"
New Leaf Market,1101 Fair Avenue,,Unknown,"36.959506142842926, -122.04617945331958",,350.0,3-5 chargers per site,"$16,240","$22,620",$145,$92,"$39,097"
New Leaf Market,1101 Fair Avenue,,Unknown,"36.959506142842926, -122.04617945331958",,350.0,3-5 chargers per site,"$10,440","$15,080",$73,$62,"$25,654"
Peppertree Plaza Shopping Center,968 Murrieta Blvd,,Unknown,"37.67689035123777, -121.78545175267737",,350.0,1 charger per site,"$27,840","$37,700",$290,$154,"$65,984"
Peppertree Plaza Shopping Center,968 Murrieta Blvd,,Unknown,"37.67689035123777, -121.78545175267737",,350.0,2 chargers per site,"$22,040","$30,160",$218,$123,"$52,541"
Peppertree Plaza Shopping Center,968 Murrieta Blvd,,Unknown,"37.67689035123777, -121.78545175267737",,350.0,3-5 chargers per site,"$16,240","$22,620",$145,$92,"$39,097"
Peppertree Plaza Shopping Center,968 Murrieta Blvd,,Unknown,"37.67689035123777, -121.78545175267737",,350.0,3-5 chargers per site,"$10,440","$15,080",$73,$62,"$25,654"
"Grocery Outlet - Lakeside, CA",9728 Winter Gardens Blvd,,Unknown,"32.85544064909381, -116.93271042092707",,350.0,1 charger per site,"$27,840","$37,700",$290,$154,"$65,984"
"Grocery Outlet - Lakeside, CA",9728 Winter Gardens Blvd,,Unknown,"32.85544064909381, -116.93271042092707",,350.0,2 chargers per site,"$22,040","$30,160",$218,$123,"$52,541"
"Grocery Outlet - Lakeside, CA",9728 Winter Gardens Blvd,,Unknown,"32.85544064909381, -116.93271042092707",,350.0,3-5 chargers per site,"$16,240","$22,620",$145,$92,"$39,097"
"Grocery Outlet - Lakeside, CA",9728 Winter Gardens Blvd,,Unknown,"32.85544064909381, -116.93271042092707",,350.0,3-5 chargers per site,"$10,440","$15,080",$73,$62,"$25,654"
Copperwood Village,6955 Highway 6 N,,Unknown,"29.877877857490745, -95.64590106850244",,350.0,1 charger per site,"$27,840","$37,700",$290,$154,"$65,984"
Copperwood Village,6955 Highway 6 N,,Unknown,"29.877877857490745, -95.64590106850244",,350.0,2 chargers per site,"$22,040","$30,160",$218,$123,"$52,541"
Copperwood Village,6955 Highway 6 N,,Unknown,"29.877877857490745, -95.64590106850244",,350.0,3-5 chargers per site,"$16,240","$22,620",$145,$92,"$39,097"
Copperwood Village,6955 Highway 6 N,,Unknown,"29.877877857490745, -95.64590106850244",,350.0,3-5 chargers per site,"$10,440","$15,080",$73,$62,"$25,654"
Victorian Square Mall,1301 E Calaveras Blvd,,Unknown,"37.436195222193575, -121.88479946318888",,350.0,1 charger per site,"$27,840","$37,700",$290,$154,"$65,984"
Victorian Square Mall,1301 E Calaveras Blvd,,Unknown,"37.436195222193575, -121.88479946318888",,350.0,2 chargers per site,"$22,040","$30,160",$218,$123,"$52,541"
Victorian Square Mall,1301 E Calaveras Blvd,,Unknown,"37.436195222193575, -121.88479946318888",,350.0,3-5 chargers per site,"$16,240","$22,620",$145,$92,"$39,097"
Victorian Square Mall,1301 E Calaveras Blvd,,Unknown,"37.436195222193575, -121.88479946318888",,350.0,3-5 chargers per site,"$10,440","$15,080",$73,$62,"$25,654"
"McDonalds - Rogers, MN",21300 Rogers Drive,,Unknown,"45.195569169457684, -93.54930605737479",,350.0,1 charger per site,"$27,840","$37,700",$290,$154,"$65,984"
"McDonalds - Rogers, MN",21300 Rogers Drive,,Unknown,"45.195569169457684, -93.54930605737479",,350.0,2 chargers per site,"$22,040","$30,160",$218,$123,"$52,541"
"McDonalds - Rogers, MN",21300 Rogers Drive,,Unknown,"45.195569169457684, -93.54930605737479",,350.0,3-5 chargers per site,"$16,240","$22,620",$145,$92,"$39,097"
"McDonalds - Rogers, MN",21300 Rogers Drive,,Unknown,"45.195569169457684, -93.54930605737479",,350.0,3-5 chargers per site,"$10,440","$15,080",$73,$62,"$25,654"
"McDonalds - Milwaukee, WI",191 West Layton Ave,,Unknown,"42.958782855872386, -87.91367930210414",,350.0,1 charger per site,"$27,840","$37,700",$290,$154,"$65,984"
"McDonalds - Milwaukee, WI",191 West Layton Ave,,Unknown,"42.958782855872386, -87.91367930210414",,350.0,2 chargers per site,"$22,040","$30,160",$218,$123,"$52,541"
"McDonalds - Milwaukee, WI",191 West Layton Ave,,Unknown,"42.958782855872386, -87.91367930210414",,350.0,3-5 chargers per site,"$16,240","$22,620",$145,$92,"$39,097"
"McDonalds - Milwaukee, WI",191 West Layton Ave,,Unknown,"42.958782855872386, -87.91367930210414",,350.0,3-5 chargers per site,"$10,440","$15,080",$73,$62,"$25,654"
Siesta Hills Shopping Center,5305 S Gibson Blvd.,,Unknown,"35.05890755413105, -106.58251867212513",,350.0,1 charger per site,"$27,840","$37,700",$290,$154,"$65,984"
Siesta Hills Shopping Center,5305 S Gibson Blvd.,,Unknown,"35.05890755413105, -106.58251867212513",,350.0,2 chargers per site,"$22,040","$30,160",$218,$123,"$52,541"
Siesta Hills Shopping Center,5305 S Gibson Blvd.,,Unknown,"35.05890755413105, -106.58251867212513",,350.0,3-5 chargers per site,"$16,240","$22,620",$145,$92,"$39,097"
Siesta Hills Shopping Center,5305 S Gibson Blvd.,,Unknown,"35.05890755413105, -106.58251867212513",,350.0,3-5 chargers per site,"$10,440","$15,080",$73,$62,"$25,654"
"Phillips Crossing, Orlando, FL",8015 Turkey Lake Road,,Unknown,"28.448394908959884, -81.47753572768455",,350.0,1 charger per site,"$27,840","$37,700",$290,$154,"$65,984"
"Phillips Crossing, Orlando, FL",8015 Turkey Lake Road,,Unknown,"28.448394908959884, -81.47753572768455",,350.0,2 chargers per site,"$22,040","$30,160",$218,$123,"$52,541"
"Phillips Crossing, Orlando, FL",8015 Turkey Lake Road,,Unknown,"28.448394908959884, -81.47753572768455",,350.0,3-5 chargers per site,"$16,240","$22,620",$145,$92,"$39,097"
"Phillips Crossing, Orlando, FL",8015 Turkey Lake Road,,Unknown,"28.448394908959884, -81.47753572768455",,350.0,3-5 chargers per site,"$10,440","$15,080",$73,$62,"$25,654"
"Cardenas Market, Hesperia CA",15555 Main Street,,Unknown,"34.42361217270316, -117.32499670380082",,350.0,1 charger per site,"$27,840","$37,700",$290,$154,"$65,984"
"Cardenas Market, Hesperia CA",15555 Main Street,,Unknown,"34.42361217270316, -117.32499670380082",,350.0,2 chargers per site,"$22,040","$30,160",$218,$123,"$52,541"
"Cardenas Market, Hesperia CA",15555 Main Street,,Unknown,"34.42361217270316, -117.32499670380082",,350.0,3-5 chargers per site,"$16,240","$22,620",$145,$92,"$39,097"
"Cardenas Market, Hesperia CA",15555 Main Street,,Unknown,"34.42361217270316, -117.32499670380082",,350.0,3-5 chargers per site,"$10,440","$15,080",$73,$62,"$25,654"
Cityline Market,1411 East Renner Road,,Unknown,"32.998110364303855, -96.69882325233078",,350.0,1 charger per site,"$27,840","$37,700",$290,$154,"$65,984"
Cityline Market,1411 East Renner Road,,Unknown,"32.998110364303855, -96.69882325233078",,350.0,2 chargers per site,"$22,040","$30,160",$218,$123,"$52,541"
Cityline Market,1411 East Renner Road,,Unknown,"32.998110364303855, -96.69882325233078",,350.0,3-5 chargers per site,"$16,240","$22,620",$145,$92,"$39,097"
Cityline Market,1411 East Renner Road,,Unknown,"32.998110364303855, -96.69882325233078",,350.0,3-5 chargers per site,"$10,440","$15,080",$73,$62,"$25,654"
Pilot Travel Center,2424 Wadhams Rd,,Unknown,"42.97687881948349, -82.54211552237115",,350.0,1 charger per site,"$27,840","$37,700",$290,$154,"$65,984"
Pilot Travel Center,2424 Wadhams Rd,,Unknown,"42.97687881948349, -82.54211552237115",,350.0,2 chargers per site,"$22,040","$30,160",$218,$123,"$52,541"
Pilot Travel Center,2424 Wadhams Rd,,Unknown,"42.97687881948349, -82.54211552237115",,350.0,3-5 chargers per site,"$16,240","$22,620",$145,$92,"$39,097"
Pilot Travel Center,2424 Wadhams Rd,,Unknown,"42.97687881948349, -82.54211552237115",,350.0,3-5 chargers per site,"$10,440","$15,080",$73,$62,"$25,654"
"Pilot Travel Center #1028 Buffalo, TX",2605 West Commerce Street,,Unknown,"31.44784899516108, -96.07887683312913",,350.0,1 charger per site,"$27,840","$37,700",$290,$154,"$65,984"
"Pilot Travel Center #1028 Buffalo, TX",2605 West Commerce Street,,Unknown,"31.44784899516108, -96.07887683312913",,350.0,2 chargers per site,"$22,040","$30,160",$218,$123,"$52,541"
"Pilot Travel Center #1028 Buffalo, TX",2605 West Commerce Street,,Unknown,"31.44784899516108, -96.07887683312913",,350.0,3-5 chargers per site,"$16,240","$22,620",$145,$92,"$39,097"
"Pilot Travel Center #1028 Buffalo, TX",2605 West Commerce Street,,Unknown,"31.44784899516108, -96.07887683312913",,350.0,3-5 chargers per site,"$10,440","$15,080",$73,$62,"$25,654"
"Pilot Travel Center #596 Smiths Creek, MI",2424 Wadhams Road,,Unknown,"42.976820619444226, -82.54242569368786",,350.0,1 charger per site,"$27,840","$37,700",$290,$154,"$65,984"
"Pilot Travel Center #596 Smiths Creek, MI",2424 Wadhams Road,,Unknown,"42.976820619444226, -82.54242569368786",,350.0,2 chargers per site,"$22,040","$30,160",$218,$123,"$52,541"
"Pilot Travel Center #596 Smiths Creek, MI",2424 Wadhams Road,,Unknown,"42.976820619444226, -82.54242569368786",,350.0,3-5 chargers per site,"$16,240","$22,620",$145,$92,"$39,097"
"Pilot Travel Center #596 Smiths Creek, MI",2424 Wadhams Road,,Unknown,"42.976820619444226, -82.54242569368786",,350.0,3-5 chargers per site,"$10,440","$15,080",$73,$62,"$25,654"
"Pilot Travel Center #4651 Skippers, VA",781 Moores Ferry Road,,Unknown,"36.606331692036875, -77.56097255667575",,350.0,1 charger per site,"$27,840","$37,700",$290,$154,"$65,984"
"Pilot Travel Center #4651 Skippers, VA",781 Moores Ferry Road,,Unknown,"36.606331692036875, -77.56097255667575",,350.0,2 chargers per site,"$22,040","$30,160",$218,$123,"$52,541"
"Pilot Travel Center #4651 Skippers, VA",781 Moores Ferry Road,,Unknown,"36.606331692036875, -77.56097255667575",,350.0,3-5 chargers per site,"$16,240","$22,620",$145,$92,"$39,097"
"Pilot Travel Center #4651 Skippers, VA",781 Moores Ferry Road,,Unknown,"36.606331692036875, -77.56097255667575",,350.0,3-5 chargers per site,"$10,440","$15,080",$73,$62,"$25,654"
Bluestone Travel Plaza,18 I-77 ,,Unknown,"37.474649248812696, -81.06773901885525",,150.0,1 charger per site,"$20,160","$27,300",$210,$111,"$47,781"
Bluestone Travel Plaza,18 I-77 ,,Unknown,"37.474649248812696, -81.06773901885525",,150.0,2 chargers per site,"$15,960","$21,840",$158,$89,"$38,047"
Bluestone Travel Plaza,18 I-77 ,,Unknown,"37.474649248812696, -81.06773901885525",,150.0,3-5 chargers per site,"$11,760","$16,380",$105,$67,"$28,312"
Bluestone Travel Plaza,18 I-77 ,,Unknown,"37.474649248812696, -81.06773901885525",,150.0,6-20 chargers per site,"$7,560","$10,920",$53,$45,"$18,577"
Beckley Travel Plaza,500 Vankirk Drive,,Unknown,"37.80278378709531, -81.21301328605483",,150.0,1 charger per site,"$20,160","$27,300",$210,$111,"$47,781"
Beckley Travel Plaza,500 Vankirk Drive,,Unknown,"37.80278378709531, -81.21301328605483",,150.0,2 chargers per site,"$15,960","$21,840",$158,$89,"$38,047"
Beckley Travel Plaza,500 Vankirk Drive,,Unknown,"37.80278378709531, -81.21301328605483",,150.0,3-5 chargers per site,"$11,760","$16,380",$105,$67,"$28,312"
Beckley Travel Plaza,500 Vankirk Drive,,Unknown,"37.80278378709531, -81.21301328605483",,150.0,6-20 chargers per site,"$7,560","$10,920",$53,$45,"$18,577"
"Thorntons #318 West Chicago, IL",1330 S Neltnor Blvd,,Unknown,"41.86328695566951, -88.19591539291429",,150.0,1 charger per site,"$20,160","$27,300",$210,$111,"$47,781"
"Thorntons #318 West Chicago, IL",1330 S Neltnor Blvd,,Unknown,"41.86328695566951, -88.19591539291429",,150.0,2 chargers per site,"$15,960","$21,840",$158,$89,"$38,047"
"Thorntons #318 West Chicago, IL",1330 S Neltnor Blvd,,Unknown,"41.86328695566951, -88.19591539291429",,150.0,3-5 chargers per site,"$11,760","$16,380",$105,$67,"$28,312"
"Thorntons #318 West Chicago, IL",1330 S Neltnor Blvd,,Unknown,"41.86328695566951, -88.19591539291429",,150.0,6-20 chargers per site,"$7,560","$10,920",$53,$45,"$18,577"
"Thorntons #9 - Addison, IL",800 West Lake Street,,Unknown,"41.94139, -88.00939",,150.0,1 charger per site,"$20,160","$27,300",$210,$111,"$47,781"
"Thorntons #9 - Addison, IL",800 West Lake Street,,Unknown,"41.94139, -88.00939",,150.0,2 chargers per site,"$15,960","$21,840",$158,$89,"$38,047"
"Thorntons #9 - Addison, IL",800 West Lake Street,,Unknown,"41.94139, -88.00939",,150.0,3-5 chargers per site,"$11,760","$16,380",$105,$67,"$28,312"
"Thorntons #9 - Addison, IL",800 West Lake Street,,Unknown,"41.94139, -88.00939",,150.0,6-20 chargers per site,"$7,560","$10,920",$53,$45,"$18,577"
"Thorntons #122 - Elk Grove Village, IL",2310 York Road,,Unknown,"41.988605, -87.939854",,150.0,1 charger per site,"$20,160","$27,300",$210,$111,"$47,781"
"Thorntons #122 - Elk Grove Village, IL",2310 York Road,,Unknown,"41.988605, -87.939854",,150.0,2 chargers per site,"$15,960","$21,840",$158,$89,"$38,047"
"Thorntons #122 - Elk Grove Village, IL",2310 York Road,,Unknown,"41.988605, -87.939854",,150.0,3-5 chargers per site,"$11,760","$16,380",$105,$67,"$28,312"
"Thorntons #122 - Elk Grove Village, IL",2310 York Road,,Unknown,"41.988605, -87.939854",,150.0,6-20 chargers per site,"$7,560","$10,920",$53,$45,"$18,577"
"Thorntons #344 - McHenry, IL",2108 West Route 120,,Unknown,"42.342611000352036, -88.23895674760422",,150.0,1 charger per site,"$20,160","$27,300",$210,$111,"$47,781"
"Thorntons #344 - McHenry, IL",2108 West Route 120,,Unknown,"42.342611000352036, -88.23895674760422",,150.0,2 chargers per site,"$15,960","$21,840",$158,$89,"$38,047"
"Thorntons #344 - McHenry, IL",2108 West Route 120,,Unknown,"42.342611000352036, -88.23895674760422",,150.0,3-5 chargers per site,"$11,760","$16,380",$105,$67,"$28,312"
"Thorntons #344 - McHenry, IL",2108 West Route 120,,Unknown,"42.342611000352036, -88.23895674760422",,150.0,6-20 chargers per site,"$7,560","$10,920",$53,$45,"$18,577"
"Thorntons #343 - Crystal Lake, IL",911 Tek Drive,,Unknown,"42.214787733373356, -88.28739515356922",,150.0,1 charger per site,"$20,160","$27,300",$210,$111,"$47,781"
"Thorntons #343 - Crystal Lake, IL",911 Tek Drive,,Unknown,"42.214787733373356, -88.28739515356922",,150.0,2 chargers per site,"$15,960","$21,840",$158,$89,"$38,047"
"Thorntons #343 - Crystal Lake, IL",911 Tek Drive,,Unknown,"42.214787733373356, -88.28739515356922",,150.0,3-5 chargers per site,"$11,760","$16,380",$105,$67,"$28,312"
"Thorntons #343 - Crystal Lake, IL",911 Tek Drive,,Unknown,"42.214787733373356, -88.28739515356922",,150.0,6-20 chargers per site,"$7,560","$10,920",$53,$45,"$18,577"
"Thornton #119 - Lake in the Hills, IL",2265 W. Algonquin Road,,Unknown,"42.17516751694956, -88.329960670687",,150.0,1 charger per site,"$20,160","$27,300",$210,$111,"$47,781"
"Thornton #119 - Lake in the Hills, IL",2265 W. Algonquin Road,,Unknown,"42.17516751694956, -88.329960670687",,150.0,2 chargers per site,"$15,960","$21,840",$158,$89,"$38,047"
"Thornton #119 - Lake in the Hills, IL",2265 W. Algonquin Road,,Unknown,"42.17516751694956, -88.329960670687",,150.0,3-5 chargers per site,"$11,760","$16,380",$105,$67,"$28,312"
"Thornton #119 - Lake in the Hills, IL",2265 W. Algonquin Road,,Unknown,"42.17516751694956, -88.329960670687",,150.0,6-20 chargers per site,"$7,560","$10,920",$53,$45,"$18,577"
"Thorntons #315 - Aurora, IL",2609 N Farnsworth Ave,,Unknown,"41.80675462931114, -88.28056519916004",,150.0,1 charger per site,"$20,160","$27,300",$210,$111,"$47,781"
"Thorntons #315 - Aurora, IL",2609 N Farnsworth Ave,,Unknown,"41.80675462931114, -88.28056519916004",,150.0,2 chargers per site,"$15,960","$21,840",$158,$89,"$38,047"
"Thorntons #315 - Aurora, IL",2609 N Farnsworth Ave,,Unknown,"41.80675462931114, -88.28056519916004",,150.0,3-5 chargers per site,"$11,760","$16,380",$105,$67,"$28,312"
"Thorntons #315 - Aurora, IL",2609 N Farnsworth Ave,,Unknown,"41.80675462931114, -88.28056519916004",,150.0,6-20 chargers per site,"$7,560","$10,920",$53,$45,"$18,577"
"Thorntons #301 - Summit, IL",5900 S Harlem Ave,,Unknown,"41.78387348078061, -87.80198574424912",,150.0,1 charger per site,"$20,160","$27,300",$210,$111,"$47,781"
"Thorntons #301 - Summit, IL",5900 S Harlem Ave,,Unknown,"41.78387348078061, -87.80198574424912",,150.0,2 chargers per site,"$15,960","$21,840",$158,$89,"$38,047"
"Thorntons #301 - Summit, IL",5900 S Harlem Ave,,Unknown,"41.78387348078061, -87.80198574424912",,150.0,3-5 chargers per site,"$11,760","$16,380",$105,$67,"$28,312"
"Thorntons #301 - Summit, IL",5900 S Harlem Ave,,Unknown,"41.78387348078061, -87.80198574424912",,150.0,6-20 chargers per site,"$7,560","$10,920",$53,$45,"$18,577"
"Thorntons #163 - Louisville, KY",3255 Bardstown Road,,Unknown,"38.20894843400049, -85.66873604835689",,150.0,1 charger per site,"$20,160","$27,300",$210,$111,"$47,781"
"Thorntons #163 - Louisville, KY",3255 Bardstown Road,,Unknown,"38.20894843400049, -85.66873604835689",,150.0,2 chargers per site,"$15,960","$21,840",$158,$89,"$38,047"
"Thorntons #163 - Louisville, KY",3255 Bardstown Road,,Unknown,"38.20894843400049, -85.66873604835689",,150.0,3-5 chargers per site,"$11,760","$16,380",$105,$67,"$28,312"
"Thorntons #163 - Louisville, KY",3255 Bardstown Road,,Unknown,"38.20894843400049, -85.66873604835689",,150.0,6-20 chargers per site,"$7,560","$10,920",$53,$45,"$18,577"
"Thorntons #26 - Louisville, KY",14101 Shelbyville Road,,Unknown,"38.23924219818619, -85.48760433371751",,150.0,1 charger per site,"$20,160","$27,300",$210,$111,"$47,781"
"Thorntons #26 - Louisville, KY",14101 Shelbyville Road,,Unknown,"38.23924219818619, -85.48760433371751",,150.0,2 chargers per site,"$15,960","$21,840",$158,$89,"$38,047"
"Thorntons #26 - Louisville, KY",14101 Shelbyville Road,,Unknown,"38.23924219818619, -85.48760433371751",,150.0,3-5 chargers per site,"$11,760","$16,380",$105,$67,"$28,312"
"Thorntons #26 - Louisville, KY",14101 Shelbyville Road,,Unknown,"38.23924219818619, -85.48760433371751",,150.0,6-20 chargers per site,"$7,560","$10,920",$53,$45,"$18,577"
Belden Park Crossings,5496 Dressler Road,,Unknown,"40.8611490891324, -81.43317895040481",,350.0,1 charger per site,"$27,840","$37,700",$290,$154,"$65,984"
Belden Park Crossings,5496 Dressler Road,,Unknown,"40.8611490891324, -81.43317895040481",,350.0,2 chargers per site,"$22,040","$30,160",$218,$123,"$52,541"
Belden Park Crossings,5496 Dressler Road,,Unknown,"40.8611490891324, -81.43317895040481",,350.0,3-5 chargers per site,"$16,240","$22,620",$145,$92,"$39,097"
Belden Park Crossings,5496 Dressler Road,,Unknown,"40.8611490891324, -81.43317895040481",,350.0,3-5 chargers per site,"$10,440","$15,080",$73,$62,"$25,654"
Cherry Creek Shopping Center,3000 E 1st Avenue,,Unknown,"39.71640509517829, -104.95042511447662",,350.0,1 charger per site,"$27,840","$37,700",$290,$154,"$65,984"
Cherry Creek Shopping Center,3000 E 1st Avenue,,Unknown,"39.71640509517829, -104.95042511447662",,350.0,2 chargers per site,"$22,040","$30,160",$218,$123,"$52,541"
Cherry Creek Shopping Center,3000 E 1st Avenue,,Unknown,"39.71640509517829, -104.95042511447662",,350.0,3-5 chargers per site,"$16,240","$22,620",$145,$92,"$39,097"
Cherry Creek Shopping Center,3000 E 1st Avenue,,Unknown,"39.71640509517829, -104.95042511447662",,350.0,3-5 chargers per site,"$10,440","$15,080",$73,$62,"$25,654"
"Thortons #95 Louisville, KY",13314 Shelbyville Road,,Unknown,"38.24201366280781, -85.5092603527977",,150.0,1 charger per site,"$20,160","$27,300",$210,$111,"$47,781"
"Thortons #95 Louisville, KY",13314 Shelbyville Road,,Unknown,"38.24201366280781, -85.5092603527977",,150.0,2 chargers per site,"$15,960","$21,840",$158,$89,"$38,047"
"Thortons #95 Louisville, KY",13314 Shelbyville Road,,Unknown,"38.24201366280781, -85.5092603527977",,150.0,3-5 chargers per site,"$11,760","$16,380",$105,$67,"$28,312"
"Thortons #95 Louisville, KY",13314 Shelbyville Road,,Unknown,"38.24201366280781, -85.5092603527977",,150.0,6-20 chargers per site,"$7,560","$10,920",$53,$45,"$18,577"
"Thorntons #1 - New Albany, IN",2250 State Street,,Unknown,"38.30806632279362, -85.84205293957926",,150.0,1 charger per site,"$20,160","$27,300",$210,$111,"$47,781"
"Thorntons #1 - New Albany, IN",2250 State Street,,Unknown,"38.30806632279362, -85.84205293957926",,150.0,2 chargers per site,"$15,960","$21,840",$158,$89,"$38,047"
"Thorntons #1 - New Albany, IN",2250 State Street,,Unknown,"38.30806632279362, -85.84205293957926",,150.0,3-5 chargers per site,"$11,760","$16,380",$105,$67,"$28,312"
"Thorntons #1 - New Albany, IN",2250 State Street,,Unknown,"38.30806632279362, -85.84205293957926",,150.0,6-20 chargers per site,"$7,560","$10,920",$53,$45,"$18,577"
"Thorntons #611 Nashville, TN",2815 Lebanon Pike,,Unknown,"36.16679, -86.66245",,150.0,1 charger per site,"$20,160","$27,300",$210,$111,"$47,781"
"Thorntons #611 Nashville, TN",2815 Lebanon Pike,,Unknown,"36.16679, -86.66245",,150.0,2 chargers per site,"$15,960","$21,840",$158,$89,"$38,047"
"Thorntons #611 Nashville, TN",2815 Lebanon Pike,,Unknown,"36.16679, -86.66245",,150.0,3-5 chargers per site,"$11,760","$16,380",$105,$67,"$28,312"
"Thorntons #611 Nashville, TN",2815 Lebanon Pike,,Unknown,"36.16679, -86.66245",,150.0,6-20 chargers per site,"$7,560","$10,920",$53,$45,"$18,577"
"BP - Rams Cafe - Petersburg, VA",12600 S Crater Road,,Unknown,"37.13862800000051, -77.35567499999993",,150.0,1 charger per site,"$20,160","$27,300",$210,$111,"$47,781"
"BP - Rams Cafe - Petersburg, VA",12600 S Crater Road,,Unknown,"37.13862800000051, -77.35567499999993",,150.0,2 chargers per site,"$15,960","$21,840",$158,$89,"$38,047"
"BP - Rams Cafe - Petersburg, VA",12600 S Crater Road,,Unknown,"37.13862800000051, -77.35567499999993",,150.0,3-5 chargers per site,"$11,760","$16,380",$105,$67,"$28,312"
"BP - Rams Cafe - Petersburg, VA",12600 S Crater Road,,Unknown,"37.13862800000051, -77.35567499999993",,150.0,6-20 chargers per site,"$7,560","$10,920",$53,$45,"$18,577"
EvGo GM Energy ,2210 Camp Swatara Road,,Unknown,"40.462954413047584, -76.33915843095373",,350.0,1 charger per site,"$27,840","$37,700",$290,$154,"$65,984"
EvGo GM Energy ,2210 Camp Swatara Road,,Unknown,"40.462954413047584, -76.33915843095373",,350.0,2 chargers per site,"$22,040","$30,160",$218,$123,"$52,541"
EvGo GM Energy ,2210 Camp Swatara Road,,Unknown,"40.462954413047584, -76.33915843095373",,350.0,3-5 chargers per site,"$16,240","$22,620",$145,$92,"$39,097"
EvGo GM Energy ,2210 Camp Swatara Road,,Unknown,"40.462954413047584, -76.33915843095373",,350.0,3-5 chargers per site,"$10,440","$15,080",$73,$62,"$25,654"
